-- MySQL dump 10.13  Distrib 8.0.34, for Win64 (x86_64)
--
-- Host: 127.0.0.1    Database: littlelemondb
-- ------------------------------------------------------
-- Server version	8.0.35

/*!40101 SET @OLD_CHARACTER_SET_CLIENT=@@CHARACTER_SET_CLIENT */;
/*!40101 SET @OLD_CHARACTER_SET_RESULTS=@@CHARACTER_SET_RESULTS */;
/*!40101 SET @OLD_COLLATION_CONNECTION=@@COLLATION_CONNECTION */;
/*!50503 SET NAMES utf8 */;
/*!40103 SET @OLD_TIME_ZONE=@@TIME_ZONE */;
/*!40103 SET TIME_ZONE='+00:00' */;
/*!40014 SET @OLD_UNIQUE_CHECKS=@@UNIQUE_CHECKS, UNIQUE_CHECKS=0 */;
/*!40014 SET @OLD_FOREIGN_KEY_CHECKS=@@FOREIGN_KEY_CHECKS, FOREIGN_KEY_CHECKS=0 */;
/*!40101 SET @OLD_SQL_MODE=@@SQL_MODE, SQL_MODE='NO_AUTO_VALUE_ON_ZERO' */;
/*!40111 SET @OLD_SQL_NOTES=@@SQL_NOTES, SQL_NOTES=0 */;

--
-- Table structure for table `bookings`
--

DROP TABLE IF EXISTS `bookings`;
/*!40101 SET @saved_cs_client     = @@character_set_client */;
/*!50503 SET character_set_client = utf8mb4 */;
CREATE TABLE `bookings` (
  `BookingId` int NOT NULL,
  `Date` date NOT NULL,
  `TableNumber` int NOT NULL,
  `CustomerId` int NOT NULL,
  PRIMARY KEY (`BookingId`),
  KEY `Customerid_fk_idx` (`CustomerId`),
  CONSTRAINT `Customerid_fk` FOREIGN KEY (`CustomerId`) REFERENCES `customerdetails` (`CustomerId`)
) ENGINE=InnoDB DEFAULT CHARSET=utf8mb3;
/*!40101 SET character_set_client = @saved_cs_client */;

--
-- Dumping data for table `bookings`
--

LOCK TABLES `bookings` WRITE;
/*!40000 ALTER TABLE `bookings` DISABLE KEYS */;
INSERT INTO `bookings` VALUES (1,'2023-01-01',1,1),(2,'2023-02-01',2,2);
/*!40000 ALTER TABLE `bookings` ENABLE KEYS */;
UNLOCK TABLES;

--
-- Table structure for table `customerdetails`
--

DROP TABLE IF EXISTS `customerdetails`;
/*!40101 SET @saved_cs_client     = @@character_set_client */;
/*!50503 SET character_set_client = utf8mb4 */;
CREATE TABLE `customerdetails` (
  `CustomerId` int NOT NULL,
  `FullName` varchar(45) NOT NULL,
  `ContactNumber` int NOT NULL,
  `Email` varchar(45) NOT NULL,
  PRIMARY KEY (`CustomerId`)
) ENGINE=InnoDB DEFAULT CHARSET=utf8mb3;
/*!40101 SET character_set_client = @saved_cs_client */;

--
-- Dumping data for table `customerdetails`
--

LOCK TABLES `customerdetails` WRITE;
/*!40000 ALTER TABLE `customerdetails` DISABLE KEYS */;
INSERT INTO `customerdetails` VALUES (1,'John Doe',1234567890,'john.doe@example.com'),(2,'Jane Smith',1176543210,'jane.smith@example.com');
/*!40000 ALTER TABLE `customerdetails` ENABLE KEYS */;
UNLOCK TABLES;

--
-- Table structure for table `delivery`
--

DROP TABLE IF EXISTS `delivery`;
/*!40101 SET @saved_cs_client     = @@character_set_client */;
/*!50503 SET character_set_client = utf8mb4 */;
CREATE TABLE `delivery` (
  `DeliveryId` int NOT NULL,
  `DeliveryDate` date NOT NULL,
  `DeliveryStatus` varchar(45) NOT NULL,
  PRIMARY KEY (`DeliveryId`)
) ENGINE=InnoDB DEFAULT CHARSET=utf8mb3;
/*!40101 SET character_set_client = @saved_cs_client */;

--
-- Dumping data for table `delivery`
--

LOCK TABLES `delivery` WRITE;
/*!40000 ALTER TABLE `delivery` DISABLE KEYS */;
INSERT INTO `delivery` VALUES (1,'2023-01-01','Finished'),(2,'2023-02-01','Finished');
/*!40000 ALTER TABLE `delivery` ENABLE KEYS */;
UNLOCK TABLES;

--
-- Table structure for table `menu`
--

DROP TABLE IF EXISTS `menu`;
/*!40101 SET @saved_cs_client     = @@character_set_client */;
/*!50503 SET character_set_client = utf8mb4 */;
CREATE TABLE `menu` (
  `MenuId` int NOT NULL,
  `MenuItemId` int NOT NULL,
  `MenuName` varchar(45) NOT NULL,
  `Cuisine` varchar(45) NOT NULL,
  PRIMARY KEY (`MenuId`),
  KEY `MenuItemID_fk_idx` (`MenuItemId`),
  CONSTRAINT `MenuItemID_fk` FOREIGN KEY (`MenuItemId`) REFERENCES `menuitems` (`MenuItemId`)
) ENGINE=InnoDB DEFAULT CHARSET=utf8mb3;
/*!40101 SET character_set_client = @saved_cs_client */;

--
-- Dumping data for table `menu`
--

LOCK TABLES `menu` WRITE;
/*!40000 ALTER TABLE `menu` DISABLE KEYS */;
INSERT INTO `menu` VALUES (1,1,'Menu 1','Greek'),(2,2,'Menu 2','Italian');
/*!40000 ALTER TABLE `menu` ENABLE KEYS */;
UNLOCK TABLES;

--
-- Table structure for table `menuitems`
--

DROP TABLE IF EXISTS `menuitems`;
/*!40101 SET @saved_cs_client     = @@character_set_client */;
/*!50503 SET character_set_client = utf8mb4 */;
CREATE TABLE `menuitems` (
  `MenuItemId` int NOT NULL,
  `CourseName` varchar(45) DEFAULT NULL,
  `StarterName` varchar(45) DEFAULT NULL,
  `DessertName` varchar(45) DEFAULT NULL,
  PRIMARY KEY (`MenuItemId`)
) ENGINE=InnoDB DEFAULT CHARSET=utf8mb3;
/*!40101 SET character_set_client = @saved_cs_client */;

--
-- Dumping data for table `menuitems`
--

LOCK TABLES `menuitems` WRITE;
/*!40000 ALTER TABLE `menuitems` DISABLE KEYS */;
INSERT INTO `menuitems` VALUES (1,'Greek Salad','Olives','Greek yogurt'),(2,'Bean Soup','Flatbread','Ice cream');
/*!40000 ALTER TABLE `menuitems` ENABLE KEYS */;
UNLOCK TABLES;

--
-- Temporary view structure for view `ordered_more_than_twice`
--

DROP TABLE IF EXISTS `ordered_more_than_twice`;
/*!50001 DROP VIEW IF EXISTS `ordered_more_than_twice`*/;
SET @saved_cs_client     = @@character_set_client;
/*!50503 SET character_set_client = utf8mb4 */;
/*!50001 CREATE VIEW `ordered_more_than_twice` AS SELECT 
 1 AS `MenuName`*/;
SET character_set_client = @saved_cs_client;

--
-- Table structure for table `orders`
--

DROP TABLE IF EXISTS `orders`;
/*!40101 SET @saved_cs_client     = @@character_set_client */;
/*!50503 SET character_set_client = utf8mb4 */;
CREATE TABLE `orders` (
  `OrderId` int NOT NULL,
  `MenuId` int NOT NULL,
  `OrderDate` date NOT NULL,
  `Quantity` int NOT NULL,
  `TotalCost` decimal(10,0) NOT NULL,
  `CustomerId` int NOT NULL,
  `DeliveryId` int NOT NULL,
  PRIMARY KEY (`OrderId`),
  KEY `customerid_fk_idx` (`CustomerId`),
  KEY `deliveryid_fk_idx` (`DeliveryId`),
  KEY `menuitemid_fk_idx` (`MenuId`),
  CONSTRAINT `customeridFromOrders_fk` FOREIGN KEY (`CustomerId`) REFERENCES `customerdetails` (`CustomerId`),
  CONSTRAINT `deliveryid_fk` FOREIGN KEY (`DeliveryId`) REFERENCES `delivery` (`DeliveryId`),
  CONSTRAINT `menuid_fk` FOREIGN KEY (`MenuId`) REFERENCES `menu` (`MenuId`)
) ENGINE=InnoDB DEFAULT CHARSET=utf8mb3;
/*!40101 SET character_set_client = @saved_cs_client */;

--
-- Dumping data for table `orders`
--

LOCK TABLES `orders` WRITE;
/*!40000 ALTER TABLE `orders` DISABLE KEYS */;
INSERT INTO `orders` VALUES (1,1,'2023-01-01',3,160,1,1),(2,2,'2023-02-01',1,35,2,2);
/*!40000 ALTER TABLE `orders` ENABLE KEYS */;
UNLOCK TABLES;

--
-- Temporary view structure for view `orders_over150`
--

DROP TABLE IF EXISTS `orders_over150`;
/*!50001 DROP VIEW IF EXISTS `orders_over150`*/;
SET @saved_cs_client     = @@character_set_client;
/*!50503 SET character_set_client = utf8mb4 */;
/*!50001 CREATE VIEW `orders_over150` AS SELECT 
 1 AS `CustomerId`,
 1 AS `FullName`,
 1 AS `OrderId`,
 1 AS `TotalCost`,
 1 AS `MenuName`,
 1 AS `CourseName`,
 1 AS `StarterName`*/;
SET character_set_client = @saved_cs_client;

--
-- Temporary view structure for view `ordersview`
--

DROP TABLE IF EXISTS `ordersview`;
/*!50001 DROP VIEW IF EXISTS `ordersview`*/;
SET @saved_cs_client     = @@character_set_client;
/*!50503 SET character_set_client = utf8mb4 */;
/*!50001 CREATE VIEW `ordersview` AS SELECT 
 1 AS `OrderId`,
 1 AS `Quantity`,
 1 AS `TotalCost`*/;
SET character_set_client = @saved_cs_client;

--
-- Table structure for table `staff`
--

DROP TABLE IF EXISTS `staff`;
/*!40101 SET @saved_cs_client     = @@character_set_client */;
/*!50503 SET character_set_client = utf8mb4 */;
CREATE TABLE `staff` (
  `StaffId` int NOT NULL,
  `Name` varchar(45) NOT NULL,
  `Role` varchar(45) NOT NULL,
  `Salary` decimal(10,0) NOT NULL,
  PRIMARY KEY (`StaffId`)
) ENGINE=InnoDB DEFAULT CHARSET=utf8mb3;
/*!40101 SET character_set_client = @saved_cs_client */;

--
-- Dumping data for table `staff`
--

LOCK TABLES `staff` WRITE;
/*!40000 ALTER TABLE `staff` DISABLE KEYS */;
/*!40000 ALTER TABLE `staff` ENABLE KEYS */;
UNLOCK TABLES;

--
-- Dumping routines for database 'littlelemondb'
--
/*!50003 DROP PROCEDURE IF EXISTS `cancel_order` */;
/*!50003 SET @saved_cs_client      = @@character_set_client */ ;
/*!50003 SET @saved_cs_results     = @@character_set_results */ ;
/*!50003 SET @saved_col_connection = @@collation_connection */ ;
/*!50003 SET character_set_client  = utf8mb4 */ ;
/*!50003 SET character_set_results = utf8mb4 */ ;
/*!50003 SET collation_connection  = utf8mb4_0900_ai_ci */ ;
/*!50003 SET @saved_sql_mode       = @@sql_mode */ ;
/*!50003 SET sql_mode              = 'ONLY_FULL_GROUP_BY,STRICT_TRANS_TABLES,NO_ZERO_IN_DATE,NO_ZERO_DATE,ERROR_FOR_DIVISION_BY_ZERO,NO_ENGINE_SUBSTITUTION' */ ;
DELIMITER ;;
CREATE DEFINER=`root`@`localhost` PROCEDURE `cancel_order`(IN order_id INT)
BEGIN
DELETE FROM orders WHERE OrderId = order_id;
SELECT CONCAT('Order ', order_id , 'is cancelled') AS Confirmation;
END ;;
DELIMITER ;
/*!50003 SET sql_mode              = @saved_sql_mode */ ;
/*!50003 SET character_set_client  = @saved_cs_client */ ;
/*!50003 SET character_set_results = @saved_cs_results */ ;
/*!50003 SET collation_connection  = @saved_col_connection */ ;
/*!50003 DROP PROCEDURE IF EXISTS `get_max_quantity` */;
/*!50003 SET @saved_cs_client      = @@character_set_client */ ;
/*!50003 SET @saved_cs_results     = @@character_set_results */ ;
/*!50003 SET @saved_col_connection = @@collation_connection */ ;
/*!50003 SET character_set_client  = utf8mb4 */ ;
/*!50003 SET character_set_results = utf8mb4 */ ;
/*!50003 SET collation_connection  = utf8mb4_0900_ai_ci */ ;
/*!50003 SET @saved_sql_mode       = @@sql_mode */ ;
/*!50003 SET sql_mode              = 'ONLY_FULL_GROUP_BY,STRICT_TRANS_TABLES,NO_ZERO_IN_DATE,NO_ZERO_DATE,ERROR_FOR_DIVISION_BY_ZERO,NO_ENGINE_SUBSTITUTION' */ ;
DELIMITER ;;
CREATE DEFINER=`root`@`localhost` PROCEDURE `get_max_quantity`()
BEGIN
SELECT Quantity AS MaxQuantityInOrder
FROM orders
ORDER BY Quantity DESC
LIMIT 1;
END ;;
DELIMITER ;
/*!50003 SET sql_mode              = @saved_sql_mode */ ;
/*!50003 SET character_set_client  = @saved_cs_client */ ;
/*!50003 SET character_set_results = @saved_cs_results */ ;
/*!50003 SET collation_connection  = @saved_col_connection */ ;

--
-- Final view structure for view `ordered_more_than_twice`
--

/*!50001 DROP VIEW IF EXISTS `ordered_more_than_twice`*/;
/*!50001 SET @saved_cs_client          = @@character_set_client */;
/*!50001 SET @saved_cs_results         = @@character_set_results */;
/*!50001 SET @saved_col_connection     = @@collation_connection */;
/*!50001 SET character_set_client      = utf8mb4 */;
/*!50001 SET character_set_results     = utf8mb4 */;
/*!50001 SET collation_connection      = utf8mb4_0900_ai_ci */;
/*!50001 CREATE ALGORITHM=UNDEFINED */
/*!50013 DEFINER=`root`@`localhost` SQL SECURITY DEFINER */
/*!50001 VIEW `ordered_more_than_twice` AS select `menu`.`MenuName` AS `MenuName` from `menu` where `menu`.`MenuId` in (select `orders`.`MenuId` from `orders` where (`orders`.`Quantity` > 2)) */;
/*!50001 SET character_set_client      = @saved_cs_client */;
/*!50001 SET character_set_results     = @saved_cs_results */;
/*!50001 SET collation_connection      = @saved_col_connection */;

--
-- Final view structure for view `orders_over150`
--

/*!50001 DROP VIEW IF EXISTS `orders_over150`*/;
/*!50001 SET @saved_cs_client          = @@character_set_client */;
/*!50001 SET @saved_cs_results         = @@character_set_results */;
/*!50001 SET @saved_col_connection     = @@collation_connection */;
/*!50001 SET character_set_client      = utf8mb4 */;
/*!50001 SET character_set_results     = utf8mb4 */;
/*!50001 SET collation_connection      = utf8mb4_0900_ai_ci */;
/*!50001 CREATE ALGORITHM=UNDEFINED */
/*!50013 DEFINER=`root`@`localhost` SQL SECURITY DEFINER */
/*!50001 VIEW `orders_over150` AS select `c`.`CustomerId` AS `CustomerId`,`c`.`FullName` AS `FullName`,`o`.`OrderId` AS `OrderId`,`o`.`TotalCost` AS `TotalCost`,`m`.`MenuName` AS `MenuName`,`mi`.`CourseName` AS `CourseName`,`mi`.`StarterName` AS `StarterName` from (((`customerdetails` `c` join `orders` `o` on((`c`.`CustomerId` = `o`.`CustomerId`))) join `menu` `m` on((`o`.`MenuId` = `m`.`MenuId`))) join `menuitems` `mi` on((`m`.`MenuItemId` = `mi`.`MenuItemId`))) where (`o`.`TotalCost` > 150) */;
/*!50001 SET character_set_client      = @saved_cs_client */;
/*!50001 SET character_set_results     = @saved_cs_results */;
/*!50001 SET collation_connection      = @saved_col_connection */;

--
-- Final view structure for view `ordersview`
--

/*!50001 DROP VIEW IF EXISTS `ordersview`*/;
/*!50001 SET @saved_cs_client          = @@character_set_client */;
/*!50001 SET @saved_cs_results         = @@character_set_results */;
/*!50001 SET @saved_col_connection     = @@collation_connection */;
/*!50001 SET character_set_client      = utf8mb4 */;
/*!50001 SET character_set_results     = utf8mb4 */;
/*!50001 SET collation_connection      = utf8mb4_0900_ai_ci */;
/*!50001 CREATE ALGORITHM=UNDEFINED */
/*!50013 DEFINER=`root`@`localhost` SQL SECURITY DEFINER */
/*!50001 VIEW `ordersview` AS select `orders`.`OrderId` AS `OrderId`,`orders`.`Quantity` AS `Quantity`,`orders`.`TotalCost` AS `TotalCost` from `orders` where (`orders`.`Quantity` > 2) */;
/*!50001 SET character_set_client      = @saved_cs_client */;
/*!50001 SET character_set_results     = @saved_cs_results */;
/*!50001 SET collation_connection      = @saved_col_connection */;
/*!40103 SET TIME_ZONE=@OLD_TIME_ZONE */;

/*!40101 SET SQL_MODE=@OLD_SQL_MODE */;
/*!40014 SET FOREIGN_KEY_CHECKS=@OLD_FOREIGN_KEY_CHECKS */;
/*!40014 SET UNIQUE_CHECKS=@OLD_UNIQUE_CHECKS */;
/*!40101 SET CHARACTER_SET_CLIENT=@OLD_CHARACTER_SET_CLIENT */;
/*!40101 SET CHARACTER_SET_RESULTS=@OLD_CHARACTER_SET_RESULTS */;
/*!40101 SET COLLATION_CONNECTION=@OLD_COLLATION_CONNECTION */;
/*!40111 SET SQL_NOTES=@OLD_SQL_NOTES */;

-- Dump completed on 2023-12-06 22:09:17
